{"cameraMode":{"drawMode":0,"name":"Shaded","section":"Shading Mode"},"sceneLighting":false,"audioPlay":false,"sceneViewState":{"showFog":true,"showMaterialUpdate":false,"showSkybox":true,"showFlares":true,"showImageEffects":true,"showParticleSystems":true},"in2DMode":false,"pivot":{"x":24.049999237060548,"y":16.643829345703126,"z":18.899999618530275},"rotation":{"x":-0.07955972850322724,"y":0.6092942953109741,"z":-0.0616317056119442,"w":-0.7865318655967712},"size":12.281065940856934,"orthographic":false}