{"cameraMode":{"drawMode":0,"name":"Shaded","section":"Shading Mode"},"sceneLighting":true,"audioPlay":false,"sceneViewState":{"showFog":true,"showMaterialUpdate":false,"showSkybox":true,"showFlares":true,"showImageEffects":true,"showParticleSystems":true},"in2DMode":false,"pivot":{"x":99.10000610351563,"y":-43.07644271850586,"z":168.10287475585938},"rotation":{"x":-0.07955972850322724,"y":0.6092942953109741,"z":-0.0616317056119442,"w":-0.7865318655967712},"size":166.641845703125,"orthographic":false}