{"cameraMode":{"drawMode":0,"name":"Shaded","section":"Shading Mode"},"sceneLighting":false,"audioPlay":false,"sceneViewState":{"showFog":true,"showMaterialUpdate":false,"showSkybox":true,"showFlares":true,"showImageEffects":true,"showParticleSystems":true},"in2DMode":false,"pivot":{"x":0.4200000762939453,"y":1.760000228881836,"z":5.440000057220459},"rotation":{"x":-0.07955972850322724,"y":0.6092942953109741,"z":-0.0616317056119442,"w":-0.7865318655967712},"size":46.69820785522461,"orthographic":false}