{"cameraMode":{"drawMode":0,"name":"Shaded","section":"Shading Mode"},"sceneLighting":false,"audioPlay":false,"sceneViewState":{"showFog":true,"showMaterialUpdate":false,"showSkybox":true,"showFlares":true,"showImageEffects":true,"showParticleSystems":true},"in2DMode":false,"pivot":{"x":4.567333221435547,"y":21.630847930908204,"z":-8.588314056396485},"rotation":{"x":-0.07955972850322724,"y":0.6092942953109741,"z":-0.0616317056119442,"w":-0.7865318655967712},"size":2.8578836917877199,"orthographic":false}