{"cameraMode":{"drawMode":0,"name":"Shaded","section":"Shading Mode"},"sceneLighting":false,"audioPlay":false,"sceneViewState":{"showFog":true,"showMaterialUpdate":false,"showSkybox":true,"showFlares":true,"showImageEffects":true,"showParticleSystems":true},"in2DMode":false,"pivot":{"x":-29.908065795898439,"y":-19.448776245117189,"z":56.72557830810547},"rotation":{"x":-0.07955972850322724,"y":0.6092942953109741,"z":-0.0616317056119442,"w":-0.7865318655967712},"size":22.0,"orthographic":false}