{"cameraMode":{"drawMode":0,"name":"Shaded","section":"Shading Mode"},"sceneLighting":false,"audioPlay":false,"sceneViewState":{"showFog":true,"showMaterialUpdate":false,"showSkybox":true,"showFlares":true,"showImageEffects":true,"showParticleSystems":true},"in2DMode":false,"pivot":{"x":0.4200000762939453,"y":1.760000228881836,"z":5.440000057220459},"rotation":{"x":0.025257345288991929,"y":0.6343434453010559,"z":0.02074402943253517,"w":-0.7723601460456848},"size":46.69820785522461,"orthographic":false}