{"cameraMode":{"drawMode":0,"name":"Shaded","section":"Shading Mode"},"sceneLighting":false,"audioPlay":false,"sceneViewState":{"showFog":true,"showMaterialUpdate":false,"showSkybox":true,"showFlares":true,"showImageEffects":true,"showParticleSystems":true},"in2DMode":false,"pivot":{"x":-36.25411605834961,"y":-37.729103088378909,"z":164.99462890625},"rotation":{"x":-0.05549297109246254,"y":0.9424845576286316,"z":-0.2626802325248718,"w":-0.19910454750061036},"size":5.488698959350586,"orthographic":false}