{"cameraMode":{"drawMode":0,"name":"Shaded","section":"Shading Mode"},"sceneLighting":true,"audioPlay":false,"sceneViewState":{"showFog":true,"showMaterialUpdate":false,"showSkybox":true,"showFlares":true,"showImageEffects":true,"showParticleSystems":true},"in2DMode":false,"pivot":{"x":-107.53071594238281,"y":-89.3189926147461,"z":-90.99761962890625},"rotation":{"x":-0.11600210517644882,"y":0.8707632422447205,"z":-0.24691911041736604,"w":-0.4090794324874878},"size":187.9976806640625,"orthographic":false}