{"cameraMode":{"drawMode":0,"name":"Shaded","section":"Shading Mode"},"sceneLighting":false,"audioPlay":false,"sceneViewState":{"showFog":true,"showMaterialUpdate":false,"showSkybox":true,"showFlares":true,"showImageEffects":true,"showParticleSystems":true},"in2DMode":false,"pivot":{"x":7256.90234375,"y":4170.9287109375,"z":-22750.80078125},"rotation":{"x":-0.05549297109246254,"y":0.9424845576286316,"z":-0.2626802325248718,"w":-0.19910454750061036},"size":22366.548828125,"orthographic":false}