{"cameraMode":{"drawMode":0,"name":"Shaded","section":"Shading Mode"},"sceneLighting":true,"audioPlay":false,"sceneViewState":{"showFog":true,"showMaterialUpdate":false,"showSkybox":true,"showFlares":true,"showImageEffects":true,"showParticleSystems":true},"in2DMode":false,"pivot":{"x":-9.552925109863282,"y":-10.615361213684082,"z":54.94418716430664},"rotation":{"x":-0.06006821617484093,"y":0.08285627514123917,"z":-0.0050025940872728828,"w":-0.9947369694709778},"size":129.27716064453126,"orthographic":false}