{"cameraMode":{"drawMode":0,"name":"Shaded","section":"Shading Mode"},"sceneLighting":true,"audioPlay":false,"sceneViewState":{"showFog":true,"showMaterialUpdate":false,"showSkybox":true,"showFlares":true,"showImageEffects":true,"showParticleSystems":true},"in2DMode":false,"pivot":{"x":-1.0717658996582032,"y":1.0117650032043458,"z":10.401054382324219},"rotation":{"x":-0.05488796532154083,"y":0.2855803966522217,"z":-0.016384687274694444,"w":-0.9566413760185242},"size":63.605613708496097,"orthographic":false}