{"cameraMode":{"drawMode":0,"name":"Shaded","section":"Shading Mode"},"sceneLighting":false,"audioPlay":false,"sceneViewState":{"showFog":true,"showMaterialUpdate":false,"showSkybox":true,"showFlares":true,"showImageEffects":true,"showParticleSystems":true},"in2DMode":false,"pivot":{"x":14.866180419921875,"y":-9.75430679321289,"z":111.50392150878906},"rotation":{"x":-0.09094417840242386,"y":0.658298909664154,"z":-0.0805879533290863,"w":-0.7428845167160034},"size":7763.359375,"orthographic":false}