{"cameraMode":{"drawMode":0,"name":"Shaded","section":"Shading Mode"},"sceneLighting":false,"audioPlay":false,"sceneViewState":{"showFog":true,"showMaterialUpdate":false,"showSkybox":true,"showFlares":true,"showImageEffects":true,"showParticleSystems":true},"in2DMode":false,"pivot":{"x":24.049999237060548,"y":16.643829345703126,"z":18.899999618530275},"rotation":{"x":-0.11600210517644882,"y":0.8707632422447205,"z":-0.24691911041736604,"w":-0.4090794324874878},"size":12.281065940856934,"orthographic":false}