{"cameraMode":{"drawMode":0,"name":"Shaded","section":"Shading Mode"},"sceneLighting":false,"audioPlay":false,"sceneViewState":{"showFog":true,"showMaterialUpdate":false,"showSkybox":true,"showFlares":true,"showImageEffects":true,"showParticleSystems":true},"in2DMode":false,"pivot":{"x":6.2274322509765629,"y":-6.981834411621094,"z":12.460304260253907},"rotation":{"x":-0.18902312219142915,"y":0.0800279751420021,"z":-0.015458120033144951,"w":-0.9785841107368469},"size":2.8578836917877199,"orthographic":false}