{"cameraMode":{"drawMode":0,"name":"Shaded","section":"Shading Mode"},"sceneLighting":false,"audioPlay":false,"sceneViewState":{"showFog":true,"showMaterialUpdate":false,"showSkybox":true,"showFlares":true,"showImageEffects":true,"showParticleSystems":true},"in2DMode":false,"pivot":{"x":-27.30059814453125,"y":14.915178298950196,"z":16.778268814086915},"rotation":{"x":-0.04925225302577019,"y":0.3593442738056183,"z":-0.018994903191924096,"w":-0.9317108392715454},"size":8393.2919921875,"orthographic":false}