{"cameraMode":{"drawMode":0,"name":"Shaded","section":"Shading Mode"},"sceneLighting":true,"audioPlay":false,"sceneViewState":{"showFog":true,"showMaterialUpdate":false,"showSkybox":true,"showFlares":true,"showImageEffects":true,"showParticleSystems":true},"in2DMode":false,"pivot":{"x":9.417404174804688,"y":-19.54528045654297,"z":96.71570587158203},"rotation":{"x":-0.10173247754573822,"y":-0.18921317160129548,"z":0.019713222980499269,"w":-0.9764529466629028},"size":192.65623474121095,"orthographic":false}