{"cameraMode":{"drawMode":0,"name":"Shaded","section":"Shading Mode"},"sceneLighting":true,"audioPlay":false,"sceneViewState":{"showFog":true,"showMaterialUpdate":false,"showSkybox":true,"showFlares":true,"showImageEffects":true,"showParticleSystems":true},"in2DMode":false,"pivot":{"x":22.782278060913087,"y":13.384283065795899,"z":28.907718658447267},"rotation":{"x":-0.007776936050504446,"y":0.09196427464485169,"z":-0.0007182296831160784,"w":-0.9957317113876343},"size":66.12793731689453,"orthographic":false}