{"cameraMode":{"drawMode":0,"name":"Shaded","section":"Shading Mode"},"sceneLighting":true,"audioPlay":false,"sceneViewState":{"showFog":true,"showMaterialUpdate":false,"showSkybox":true,"showFlares":true,"showImageEffects":true,"showParticleSystems":true},"in2DMode":false,"pivot":{"x":-23.93186378479004,"y":-26.60234260559082,"z":223.05715942382813},"rotation":{"x":-0.06318507343530655,"y":0.051468346267938617,"z":-0.0032644986640661957,"w":-0.9966685175895691},"size":249.83090209960938,"orthographic":false}