{"cameraMode":{"drawMode":0,"name":"Shaded","section":"Shading Mode"},"sceneLighting":false,"audioPlay":false,"sceneViewState":{"showFog":true,"showMaterialUpdate":false,"showSkybox":true,"showFlares":true,"showImageEffects":true,"showParticleSystems":true},"in2DMode":false,"pivot":{"x":3.9546966552734377,"y":-9.280372619628907,"z":30.62714385986328},"rotation":{"x":-0.08710016310214997,"y":-0.18802081048488618,"z":0.016742229461669923,"w":-0.9781520962715149},"size":4.286835193634033,"orthographic":false}