{"cameraMode":{"drawMode":0,"name":"Shaded","section":"Shading Mode"},"sceneLighting":false,"audioPlay":false,"sceneViewState":{"showFog":true,"showMaterialUpdate":false,"showSkybox":true,"showFlares":true,"showImageEffects":true,"showParticleSystems":true},"in2DMode":false,"pivot":{"x":5.6913371086120609,"y":-8.624693870544434,"z":30.697189331054689},"rotation":{"x":0.02127102203667164,"y":-0.6971941590309143,"z":-0.020704995840787889,"w":-0.7162675261497498},"size":3.7211649417877199,"orthographic":false}