{"cameraMode":{"drawMode":0,"name":"Shaded","section":"Shading Mode"},"sceneLighting":false,"audioPlay":false,"sceneViewState":{"showFog":true,"showMaterialUpdate":false,"showSkybox":true,"showFlares":true,"showImageEffects":true,"showParticleSystems":true},"in2DMode":false,"pivot":{"x":-29.489999771118165,"y":16.2528133392334,"z":18.899999618530275},"rotation":{"x":-0.10263287276029587,"y":0.13741645216941834,"z":-0.014316263608634472,"w":-0.9850778579711914},"size":3.6867189407348635,"orthographic":false}