{"cameraMode":{"drawMode":0,"name":"Shaded","section":"Shading Mode"},"sceneLighting":false,"audioPlay":false,"sceneViewState":{"showFog":true,"showMaterialUpdate":false,"showSkybox":true,"showFlares":true,"showImageEffects":true,"showParticleSystems":true},"in2DMode":false,"pivot":{"x":3.9546966552734377,"y":-9.280372619628907,"z":30.62714385986328},"rotation":{"x":-0.09030018746852875,"y":-0.5632121562957764,"z":0.06209670007228851,"w":-0.8190128207206726},"size":2.8578836917877199,"orthographic":false}