{"cameraMode":{"drawMode":0,"name":"Shaded","section":"Shading Mode"},"sceneLighting":false,"audioPlay":false,"sceneViewState":{"showFog":true,"showMaterialUpdate":false,"showSkybox":true,"showFlares":true,"showImageEffects":true,"showParticleSystems":true},"in2DMode":false,"pivot":{"x":4.567333221435547,"y":21.630847930908204,"z":-8.588314056396485},"rotation":{"x":-0.05418865755200386,"y":0.058975882828235629,"z":-0.0032061052042990925,"w":-0.9967824220657349},"size":2.8578836917877199,"orthographic":false}