{"cameraMode":{"drawMode":0,"name":"Shaded","section":"Shading Mode"},"sceneLighting":true,"audioPlay":false,"sceneViewState":{"showFog":true,"showMaterialUpdate":false,"showSkybox":true,"showFlares":true,"showImageEffects":true,"showParticleSystems":true},"in2DMode":false,"pivot":{"x":-124.300048828125,"y":66.41987609863281,"z":190.3411865234375},"rotation":{"x":0.12354487925767899,"y":0.3358234167098999,"z":0.04447995126247406,"w":-0.9327276945114136},"size":264.3078918457031,"orthographic":false}