{"cameraMode":{"drawMode":0,"name":"Shaded","section":"Shading Mode"},"sceneLighting":false,"audioPlay":false,"sceneViewState":{"showFog":true,"showMaterialUpdate":false,"showSkybox":true,"showFlares":true,"showImageEffects":true,"showParticleSystems":true},"in2DMode":false,"pivot":{"x":-2.0,"y":10.670000076293946,"z":4.170000076293945},"rotation":{"x":-0.10263287276029587,"y":0.13741645216941834,"z":-0.014316263608634472,"w":-0.9850778579711914},"size":4.286825656890869,"orthographic":false}