{"cameraMode":{"drawMode":0,"name":"Shaded","section":"Shading Mode"},"sceneLighting":false,"audioPlay":false,"sceneViewState":{"showFog":true,"showMaterialUpdate":false,"showSkybox":true,"showFlares":true,"showImageEffects":true,"showParticleSystems":true},"in2DMode":false,"pivot":{"x":3.2010858058929445,"y":0.6227188110351563,"z":4.4797258377075199},"rotation":{"x":-0.055015239864587787,"y":0.9195822477340698,"z":-0.13927516341209413,"w":-0.36324140429496767},"size":6.112832546234131,"orthographic":false}