{"cameraMode":{"drawMode":0,"name":"Shaded","section":"Shading Mode"},"sceneLighting":true,"audioPlay":false,"sceneViewState":{"showFog":true,"showMaterialUpdate":false,"showSkybox":true,"showFlares":true,"showImageEffects":true,"showParticleSystems":true},"in2DMode":false,"pivot":{"x":146.05917358398438,"y":199.11595153808595,"z":346.8724365234375},"rotation":{"x":-0.013738587498664856,"y":0.10240483283996582,"z":-0.0014159943675622345,"w":-0.9946469664573669},"size":1194.465087890625,"orthographic":false}