{"cameraMode":{"drawMode":0,"name":"Shaded","section":"Shading Mode"},"sceneLighting":true,"audioPlay":false,"sceneViewState":{"showFog":true,"showMaterialUpdate":false,"showSkybox":true,"showFlares":true,"showImageEffects":true,"showParticleSystems":true},"in2DMode":false,"pivot":{"x":-9.597018241882325,"y":-48.19697952270508,"z":134.8082275390625},"rotation":{"x":-0.14667309820652009,"y":0.0376722626388073,"z":-0.005591608118265867,"w":-0.9884516596794128},"size":206.81719970703126,"orthographic":false}