{"cameraMode":{"drawMode":0,"name":"Shaded","section":"Shading Mode"},"sceneLighting":false,"audioPlay":false,"sceneViewState":{"showFog":true,"showMaterialUpdate":false,"showSkybox":true,"showFlares":true,"showImageEffects":true,"showParticleSystems":true},"in2DMode":false,"pivot":{"x":-29.908065795898439,"y":-19.448776245117189,"z":56.72557830810547},"rotation":{"x":-0.15384848415851594,"y":0.5273562669754028,"z":-0.09776704013347626,"w":-0.8298600316047669},"size":22.0,"orthographic":false}